                  epoch,         train/box_loss,         train/cls_loss,         train/dfl_loss,   metrics/precision(B),      metrics/recall(B),       metrics/mAP50(B),    metrics/mAP50-95(B),           val/box_loss,           val/cls_loss,           val/dfl_loss,                 lr/pg0,                 lr/pg1,                 lr/pg2
                      0,                 1.7483,                 2.6727,                 1.0655,                0.51258,                0.53218,                0.45174,                0.17146,                 2.1384,                 6.9114,                0.81389,              0.0006647,              0.0006647,              0.0006647
                      1,                 1.6089,                  1.682,                 1.0119,                0.66655,                0.51575,                0.53377,                0.20982,                 2.2058,                 4.4121,                 0.8198,              0.0011996,              0.0011996,              0.0011996
